# mock Ca II K observation | truth: v_top=12.7 km/s, i_zero=52 | R=34000, SNR=80, seed=42
# wl_delta_A, flux_norm, sigma
-4.50000, 1.054283, 0.013129
-4.45372, 1.030390, 0.013050
-4.40744, 1.047374, 0.012971
-4.36116, 1.043445, 0.012891
-4.31488, 1.000001, 0.012812
-4.26861, 1.002096, 0.012733
-4.22233, 1.013974, 0.012654
-4.17605, 1.002059, 0.012575
-4.12977, 0.999505, 0.012496
-4.08349, 0.981500, 0.012401
-4.03721, 0.993586, 0.012285
-3.99093, 0.982951, 0.012169
-3.94465, 0.964986, 0.012052
-3.89838, 0.968349, 0.011936
-3.85210, 0.951124, 0.011820
-3.80582, 0.926245, 0.011704
-3.75954, 0.931279, 0.011588
-3.71326, 0.906710, 0.011471
-3.66698, 0.918388, 0.011355
-3.62070, 0.898556, 0.011239
-3.57442, 0.887765, 0.011123
-3.52814, 0.873030, 0.011007
-3.48187, 0.884543, 0.010890
-3.43559, 0.860268, 0.010774
-3.38931, 0.846715, 0.010641
-3.34303, 0.836219, 0.010499
-3.29675, 0.834074, 0.010357
-3.25047, 0.820938, 0.010215
-3.20419, 0.810006, 0.010073
-3.15791, 0.798771, 0.009931
-3.11164, 0.804102, 0.009789
-3.06536, 0.767860, 0.009647
-3.01908, 0.755555, 0.009505
-2.97280, 0.741449, 0.009363
-2.92652, 0.743393, 0.009221
-2.88024, 0.736607, 0.009079
-2.83396, 0.713982, 0.008938
-2.78768, 0.696255, 0.008796
-2.74140, 0.685154, 0.008654
-2.69513, 0.685915, 0.008505
-2.64885, 0.674611, 0.008355
-2.60257, 0.660878, 0.008205
-2.55629, 0.639080, 0.008056
-2.51001, 0.634296, 0.007906
-2.46373, 0.621386, 0.007756
-2.41745, 0.610164, 0.007606
-2.37117, 0.603385, 0.007461
-2.32490, 0.587278, 0.007321
-2.27862, 0.579273, 0.007180
-2.23234, 0.563632, 0.007039
-2.18606, 0.553908, 0.006899
-2.13978, 0.544937, 0.006758
-2.09350, 0.519785, 0.006618
-2.04722, 0.516311, 0.006480
-2.00094, 0.506059, 0.006363
-1.95466, 0.495732, 0.006247
-1.90839, 0.488706, 0.006130
-1.86211, 0.490053, 0.006013
-1.81583, 0.466628, 0.005897
-1.76955, 0.468000, 0.005780
-1.72327, 0.443543, 0.005663
-1.67699, 0.443570, 0.005568
-1.63071, 0.439369, 0.005481
-1.58443, 0.434682, 0.005394
-1.53816, 0.428337, 0.005307
-1.49188, 0.421746, 0.005220
-1.44560, 0.408857, 0.005133
-1.39932, 0.401357, 0.005046
-1.35304, 0.401361, 0.004964
-1.30676, 0.390355, 0.004891
-1.26048, 0.379333, 0.004818
-1.21420, 0.374290, 0.004746
-1.16792, 0.369561, 0.004673
-1.12165, 0.370333, 0.004601
-1.07537, 0.362880, 0.004528
-1.02909, 0.359500, 0.004455
-0.98281, 0.347617, 0.004369
-0.93653, 0.343140, 0.004281
-0.89025, 0.338062, 0.004193
-0.84397, 0.327147, 0.004105
-0.79769, 0.323230, 0.004017
-0.75142, 0.311772, 0.003930
-0.70514, 0.305956, 0.003842
-0.65886, 0.297398, 0.003735
-0.61258, 0.284710, 0.003613
-0.56630, 0.280936, 0.003490
-0.52002, 0.265776, 0.003342
-0.47374, 0.254018, 0.003175
-0.42746, 0.242057, 0.003008
-0.38118, 0.223248, 0.002775
-0.33491, 0.198907, 0.002466
-0.28863, 0.155312, 0.001944
-0.24235, 0.103827, 0.001305
-0.19607, 0.055030, 0.000689
-0.14979, 0.025953, 0.000331
-0.10351, 0.015148, 0.000193
-0.05723, 0.012249, 0.000156
-0.01095, 0.013512, 0.000171
0.03532, 0.019584, 0.000244
0.08160, 0.033299, 0.000421
0.12788, 0.063421, 0.000797
0.17416, 0.112526, 0.001384
0.22044, 0.160014, 0.002009
0.26672, 0.199362, 0.002469
0.31300, 0.216973, 0.002744
0.35928, 0.237052, 0.002971
0.40556, 0.249037, 0.003150
0.45183, 0.262556, 0.003296
0.49811, 0.277886, 0.003437
0.54439, 0.280141, 0.003579
0.59067, 0.296848, 0.003691
0.63695, 0.304915, 0.003800
0.68323, 0.310456, 0.003910
0.72951, 0.313620, 0.003992
0.77579, 0.326266, 0.004075
0.82206, 0.330350, 0.004157
0.86834, 0.340116, 0.004239
0.91462, 0.345802, 0.004321
0.96090, 0.359340, 0.004404
1.00718, 0.357792, 0.004486
1.05346, 0.360250, 0.004561
1.09974, 0.371445, 0.004633
1.14602, 0.377344, 0.004704
1.19230, 0.388494, 0.004775
1.23857, 0.391746, 0.004846
1.28485, 0.395148, 0.004917
1.33113, 0.406388, 0.004989
1.37741, 0.399028, 0.005063
1.42369, 0.408739, 0.005150
1.46997, 0.414168, 0.005238
1.51625, 0.423933, 0.005325
1.56253, 0.425546, 0.005412
1.60880, 0.443478, 0.005500
1.65508, 0.445731, 0.005587
1.70136, 0.445614, 0.005674
1.74764, 0.457027, 0.005786
1.79392, 0.474146, 0.005904
1.84020, 0.486733, 0.006021
1.88648, 0.503335, 0.006138
1.93276, 0.518698, 0.006256
1.97904, 0.512502, 0.006373
2.02531, 0.512829, 0.006491
2.07159, 0.515334, 0.006618
2.11787, 0.542532, 0.006759
2.16415, 0.546392, 0.006900
2.21043, 0.560355, 0.007041
2.25671, 0.570162, 0.007182
2.30299, 0.584806, 0.007323
2.34927, 0.605072, 0.007464
2.39554, 0.609613, 0.007605
2.44182, 0.619173, 0.007755
2.48810, 0.624201, 0.007905
2.53438, 0.630883, 0.008055
2.58066, 0.652367, 0.008204
2.62694, 0.667893, 0.008354
2.67322, 0.695361, 0.008504
2.71950, 0.693439, 0.008654
2.76578, 0.712526, 0.008798
2.81205, 0.710754, 0.008940
2.85833, 0.715795, 0.009082
2.90461, 0.728993, 0.009224
2.95089, 0.742441, 0.009365
2.99717, 0.780807, 0.009507
3.04345, 0.763984, 0.009649
3.08973, 0.791457, 0.009791
3.13601, 0.785617, 0.009932
3.18228, 0.815309, 0.010074
3.22856, 0.821195, 0.010216
3.27484, 0.826978, 0.010358
3.32112, 0.839510, 0.010499
3.36740, 0.844309, 0.010641
3.41368, 0.867425, 0.010783
3.45996, 0.867212, 0.010902
3.50624, 0.867946, 0.011018
3.55252, 0.876499, 0.011134
3.59879, 0.901947, 0.011250
3.64507, 0.927232, 0.011366
3.69135, 0.920399, 0.011482
3.73763, 0.926463, 0.011598
3.78391, 0.940465, 0.011714
3.83019, 0.961845, 0.011830
3.87647, 0.958294, 0.011946
3.92275, 0.959994, 0.012062
3.96902, 0.987701, 0.012178
4.01530, 0.988778, 0.012294
4.06158, 1.011843, 0.012410
4.10786, 1.004107, 0.012523
4.15414, 0.992700, 0.012602
4.20042, 0.997100, 0.012681
4.24670, 1.041833, 0.012760
4.29298, 1.049215, 0.012839
4.33926, 1.031086, 0.012918
4.38553, 1.034743, 0.012997
4.43181, 1.065151, 0.013076
4.47809, 1.037797, 0.013155
4.52437, 1.046838, 0.013233
